,upi_per_capita,mbu_per_capita,ghost_gap_risk_score,dms
upi_per_capita,1.0,0.4807573268361626,0.9402749735742837,0.8640250622999032
mbu_per_capita,0.4807573268361626,1.0,0.48307233584898013,0.3974245282059725
ghost_gap_risk_score,0.9402749735742837,0.48307233584898013,1.0,0.7998304861787986
dms,0.8640250622999032,0.3974245282059725,0.7998304861787986,1.0
