Variable,Mean,Median,Std Dev,Min,Max,Q1,Q3,Skewness,Kurtosis
upi_per_capita,4.258123274776869,0.0,5.544273804714589,0.0,22.716049382716047,0.0,7.61628339958738,1.266498061615958,1.2527379035160098
mbu_per_capita,0.016251911429671195,0.0209203839638622,0.01497829908983184,0.0,0.0590277777777777,0.0,0.024523551494183372,0.4666653416560451,-0.14098471974629279
ghost_gap_risk_score,0.24509130434782608,0.0,0.27140973521071377,0.0,0.7524,0.0,0.46947500000000003,0.37533127527674265,-1.5622546381356166
infrastructure_gap_score,0.21798260869565214,0.0,0.2517378559836913,0.0,0.8143,0.0,0.404425,0.6170945097258841,-0.9941031964169298
dms,0.10554130434782608,0.0,0.16664605416015632,0.0,0.7253,0.0,0.1892,1.6803048726476983,2.82069076117233
